RatingID;Rating;RatingCount;ProductID
1;4.2;24269;B07JW9H4J1
2;4.0;43994;B098NS6PVG
3;3.9;7928;B096MSW6CT
4;4.2;94363;B08HDJ86NZ
5;4.2;16905;B08CF3B7N1
6;3.9;24871;B08Y1TFSP6
7;4.1;15188;B08WRWPM22
8;4.3;30411;B08DDRGWTJ
9;4.2;179691;B008IFXQFU
10;4.0;43994;B082LZGK39
11;4.3;13391;B08CF3D7QR
12;4.2;94363;B0789LZTCJ
13;4.4;426973;B07KSMBL2H
14;4.2;2262;B085DTN6R2
15;4.1;4768;B09KLVMZ3B
16;4.4;18757;B083342NKJ
17;4.2;3284;B0B6F7LX4C
18;4.0;43994;B082LSVT4B
19;4.1;13045;B08WRBG3XW
20;4.3;11976;B08DPLCM6T
21;4.5;815;B09C6HXFC1
22;3.7;10962;B085194JFL
23;4.3;16299;B09F6S8BT6
24;4.0;9378;B09NHVCHS9
25;4.3;4703;B0B1YVCJ2Y
26;4.2;12153;B01M4GGIVU
27;4.2;34899;B08B42LWKN
28;4.0;2766;B094JNXNPV
29;4.4;184;B09W5XR9RT
30;4.3;2085;B077Z65HSD
31;4.5;74976;B00NH11PEY
32;4.0;1934;B09CMM3VGK
33;4.3;974;B08QSC1XY8
34;4.3;355;B008FWZGSG
35;3.9;1075;B0B4HJNPV4
36;3.9;24871;B08Y1SJVV5
37;4.4;13552;B07XLCFSSN
38;4.0;576;B09RZS1NQT
39;4.2;7298;B0B3MMYHYW
40;4.2;462;B09C6HWG18
41;4.5;107687;B00NH11KIK
42;4.3;27151;B09JPC82QC
43;4.2;24269;B07JW1Y6XV
44;4.3;12093;B07KRCW6LZ
45;4.0;9378;B09NJN8L25
46;3.3;9792;B07XJYYH7L
47;4.1;8131;B002PD61Y4
48;4.4;426973;B014I8SSD0
49;3.6;493;B09L8DSSFH
50;4.2;92595;B07232M876
51;4.4;2478;B07P681N66
52;4.2;92595;B0711PVX6Z
53;4.3;8188;B082T6V3DT
54;4.2;4003;B07MKFNHKG
55;4.1;314;B0BFWGBX61
56;3.7;296;B01N90RZ4M
57;4.2;179691;B0088TKTY2
58;4.2;34899;B09Q5SWVBJ
59;4.2;656;B0B4DT8MKT
60;4.3;7064;B08CDKQ8T6
61;3.7;2201;B07B275VN9
62;4.3;7109;B0B15CPR37
63;4.0;1313;B0994GFWBH
64;4.2;29746;B01GGKZ0V6
65;4.2;45238;B09F9YQQ7B
66;4.4;426973;B014I8SX4Y
67;4.1;450;B09Q8HMKZX
68;4.3;457;B0B9XN9S3W
69;4.2;2727;B07966M8XH
70;4.3;20053;B01GGKYKQM
71;4.5;149;B0B86CDHL1
72;4.1;210;B0B5ZF3NRK
73;4.2;45238;B09RFC46VP
74;4.0;7732;B08R69VDHT
75;4.1;178;B09RWZRCP1
76;4.1;602;B09CMP1SC8
77;4.0;1423;B09YLXYP7Y
78;4.1;398;B09ZPM4C2C
79;3.9;536;B0B2DJDCPX
80;4.0;32;B0BCZCQTJX
81;4.2;24269;B07LGT55SJ
82;4.0;9378;B09NKZXMWJ
83;3.4;902;B08QX1CC14
84;4.4;28791;B0974H97TJ
85;4.2;10576;B07GVGTSLN
86;4.2;7298;B09VCHLSJF
87;4.3;4703;B0B1YZX72F
88;4.3;7109;B092BJMT8Q
89;4.5;127;B0BMXMLSMM
90;4.2;24269;B07JH1C41D
91;3.6;10134;B0141EZMAI
92;4.2;34899;B09Q5P2MT3
93;4.2;94363;B08HDH26JX
94;4.1;425;B09VT6JKRP
95;4.2;6659;B09T3KB6JZ
96;3.7;1977;B093QCY6YJ
97;3.8;1079;B093ZNQZ2Y
98;3.7;1097;B08LKS3LSP
99;4.5;2242;B00V4BGDKU
100;4.1;1045;B08CHKQ8D4
101;4.3;4145;B09BW334ML
102;4.3;6547;B082T6GVLJ
103;4.0;1588;B07DL1KC3H
104;4.2;3284;B0B6F98KJJ
105;4.2;1312;B07JNVF678
106;4.3;2806;B09QGZFBPM
107;4.2;24269;B07JGDB5M1
108;4.3;766;B0981XSZJ7
109;4.3;3587;B0B9XLX8VR
110;3.9;24871;B08Y5KXR6Z
111;4.1;2581;B09F6VHQXB
112;4.3;2085;B0974G5Q2Y
113;4.3;1035;B09YL9SN9B
114;4.1;178;B09RX1FK54
115;4.5;505;B09TT6BFDX
116;4.1;1717;B09KH58JZR
117;3.6;590;B09DDCQFMT
118;3.5;1121;B08RP2L2NL
119;4.0;1313;B0B4G2MWSB
120;3.8;132;B0B21C4BMX
121;4.4;1951;B084MZXJNK
122;3.7;37;B0BHZCNC4P
123;4.3;592;B0B16KD737
124;4.1;1259;B099K9ZX65
125;4.2;45238;B08Y55LPBF
126;4.1;28638;B015OW3M1W
127;4.3;12835;B01D5H8ZI8
128;4.2;1269;B09X1M3DHX
129;4.2;284;B09MM6P76N
130;4.4;69538;B01D5H8LDM
131;4.3;4703;B0B1YY6JJL
132;4.3;2806;B09QGZM8QB
133;4.0;3295;B08L4SBJRY
134;3.9;81;B09X79PP8F
135;4.2;42301;B082T6GVG9
136;4.3;1376;B0B3XY5YT4
137;3.9;1075;B0B4HKH19N
138;4.6;3664;B08TGG316Z
139;3.9;1951;B071VMP1Z4
140;4.3;2085;B071SDRGWL
141;4.1;2685;B08PSQRW2T
142;4.4;2478;B0859M539M
143;3.2;285;B08RX8G496
144;4.2;179692;B002SZEOLG
145;4.2;6088;B08CS3BT4L
146;3.7;1383;B00RFWNJMC
147;4.5;5492;B082T6GXS5
148;4.2;919;B09CMQRQM6
149;4.2;30023;B005LJQMCK
150;4.2;387;B09C6H53KH
151;4.1;211;B0BB3CBFBM
152;4.3;974;B08QSDKFGQ
153;4.3;16299;B08PV1X771
154;4.3;30411;B07YTNKVJQ
155;3.4;4642;B0117H7GZ6
156;4.3;12;B09XJ1LM7R
157;4.4;1951;B084N133Y7
158;3.9;1048;B088Z1YWBC
159;4.1;24;B07VSG5SXZ
160;3.9;254;B08RWCZ6SY
161;4.0;3565;B07KSB1MLX
162;4.3;6255;B081FG1QYX
163;4.0;7732;B08R69WBN7
164;3.9;57;B0B3RHX6B6
165;4.5;577;B084N18QZY
166;3.9;1193;B081NHWT6Z
167;4.2;1312;B07JPJJZ2H
168;4.0;343;B09JKNF147
169;4.3;1611;B0B9959XF3
170;4.0;6558;B09PNR6F8Q
171;4.4;23169;B07M69276N
172;4.3;4703;B0B1YZ9CB8
173;4.0;1423;B09YLYB9PB
174;4.3;2651;B08CTNJ985
175;5.0;5;B0BP7XLX48
176;3.7;612;B09LHXNZLR
177;4.0;9378;B0B3N8VG24
178;4.1;2685;B08PSVBB2X
179;4.0;9378;B0B3MQXNFB
180;3.3;576;B08XMSKKMM
181;3.8;313;B09L8DT7D6
182;4.1;2957;B00GE55L22
183;4.1;6736;B0162K34H2
184;4.4;13552;B0B8SRZ5SV
185;4.3;5451;B07CWNJLPC
186;4.3;10911;B00NH12R1O
187;4.4;13552;B0B8SSC5D9
188;4.3;2806;B08WKG2MWT
189;3.9;350;B0B466C3G4
190;4.2;30023;B005LJQMZC
191;4.2;4003;B07MDRGHWQ
192;4.1;178817;B07DC4RZPY
193;4.3;7109;B0B15GSPQW
194;3.7;490;B08GJNM9N7
195;4.1;491;B09C6FML9B
196;3.9;61;B0B65MJ45G
197;4.0;9378;B08P9RYPLR
198;4.2;3284;B0B6F8HHR6
199;4.4;7318;B084MZXJN6
200;4.1;789;B08XMG618K
201;4.3;407;B0BCKWZ884
202;3.8;2399;B00GGGOYEK
203;4.4;264;B07ZR4S1G4
204;4.0;839;B09C635BMM
205;4.4;44054;B00GG59HU2
206;4.0;3231;B00RGLI0ZS
207;4.2;64;B09ZPJT8B2
208;3.9;8314;B07HZ2QCGR
209;3.7;2249;B095244Q22
210;3.6;339;B08CKW1KH9
211;4.0;27;B0BLV1GNLN
212;3.5;197;B08RHPDNVV
213;4.5;74977;B00NH13Q8W
214;4.2;8583;B0B8SSZ76F
215;3.8;928;B0841KQR1Z
216;3.8;110;B0B467CCB9
217;4.1;6753;B095JQVC7N
218;4.3;1237;B08PPHFXG3
219;4.4;18872;B06XR9PR5X
220;3.9;356;B09JSW16QD
221;4.2;24269;B07JH1CBGW
222;3.8;425;B09127FZCK
223;4.1;1161;B083GQGT3Z
224;4.1;1508;B09Q8WQ5QJ
225;4.3;7636;B07YZG8PPY
226;3.7;246;B09H39KTTB
227;4.0;479;B08DCVRW98
228;4.2;910;B0718ZN31Q
229;4.1;5626;B0162LYSFS
230;4.3;14184;B07PFJ5VQD
231;4.4;25177;B01J8S6X2I
232;4.3;21252;B09MJ77786
233;4.3;567;B09NNGHG22
234;3.5;466;B07V5YF4ND
235;3.9;61;B0B65P827P
236;4.5;474;B084MZYBTV
237;3.4;431;B097ZQTDVZ
238;4.0;242;B0B5F3YZY4
239;4.0;2905;B09G5TSGXV
240;4.4;12091;B006LW0WDQ
241;4.0;1423;B09YLX91QR
242;4.3;6255;B081FJWN52
243;4.0;1236;B0758F7KK7
244;4.2;1335;B09L835C3V
245;3.8;197;B098TV3L96
246;4.4;28791;B08NCKT9FG
247;3.9;1075;B0B4T6MR8N
248;4.2;29746;B01GGKZ4NU
249;3.9;295;B09BW2GP18
250;4.7;5935;B09WN3SRC7
251;3.6;323;B09B125CFJ
252;3.7;185;B09RQRZW2X
253;4.2;2117;B07924P3C5
254;4.0;9378;B08N1WL9XW
255;3.6;1796;B07VVXJ2P5
256;4.3;3587;B0BC8BQ432
257;4.2;4296;B06XFTHCNY
258;4.3;2651;B08CT62BM1
259;4.2;94363;B07CRL2GY6
260;4.2;3454;B07DWFX9YS
261;4.4;8714;B01D5H90L4
262;4.2;10576;B07F1P8KNV
263;4.4;7318;B084N1BM9L
264;3.0;103;B09F6D21BY
265;4.5;224;B09LQQYNZQ
266;4.3;4702;B0BC9BW512
267;4.2;85;B0B61HYR92
268;4.4;35877;B075ZTJ9XR
269;4.0;897;B0978V2CP6
270;3.8;282;B09LRZYBH1
271;4.3;1611;B0B997FBZT
272;4.2;513;B098LCVYPW
273;4.1;1045;B09HV71RL1
274;4.0;6347;B08PZ6HZLT
275;4.2;33;B075TJHWVC
276;3.3;23;B09LV13JFB
277;4.3;7109;B092BL5DCX
278;3.8;51;B09VH568H7
279;4.2;3284;B09HQSV46W
280;3.7;708;B08TZD7FQN
281;4.3;1657;B0B21XL94T
282;3.9;523;B09PTT8DZF
283;3.0;;B0B94JPY2N
284;4.3;1376;B0B3XXSB1K
285;3.5;121;B08RZ12GKR
286;3.9;1075;B0B4T8RSJ1
287;4.0;1001;B0B7B9V9QP
288;4.3;112;B08XXVXP3J
289;3.8;3022;B06XGWRKYT
290;4.3;5451;B07CWDX49D
291;3.3;73;B09TY4MSH3
292;4.5;1029;B07RY2X9MP
293;4.1;1555;B0B2C5MJN6
294;4.2;47;B0BBMGLQDW
295;4.1;14896;B01LONQBDG
296;4.4;1712;B08XXF5V6G
297;4.2;1335;B09HK9JH4F
298;3.9;214;B09MMD1FDN
299;4.0;184;B09HN7LD5L
300;4.5;7;B0BNDD9TN6
301;3.7;41;B0941392C8
302;4.2;12153;B01M5967SY
303;4.2;25;B016MDK4F4
304;4.2;163;B08G43CCLC
305;4.3;87;B0B61GCHC1
306;4.4;2165;B07RX14W1Q
307;4.2;151;B09PLD9TCD
308;4.3;106;B0B8ZKWGKD
309;3.7;129;B09NNJ9WYM
310;4.3;3049;B08H5L8V1L
311;4.2;3284;B0B8CXTTG3
312;4.4;390;B09HCH3JZG
313;3.5;621;B097JVLW3L
314;4.1;265;B09SB6SJB4
315;4.3;838;B08NW8GHCJ
316;4.2;143;B09YHLPQYT
317;4.0;151;B08G1RW2Q3
318;3.9;200;B08YXJJW8H
319;3.3;227;B09P8M18QM
320;3.8;538;B08BG4M4N7
321;4.0;171;B07VJ9ZTXS
322;4.3;27508;B084872DQY
323;3.9;1454;B00GGGOYEU
324;4.2;2951;B08FD2VSD9
325;5.0;;B0BQRJ3C47
326;4.1;6753;B095JPKPH3
327;3.9;3518;B087JWLZ2K
328;4.2;151;B09DSXK8JX
329;4.3;838;B08V9C4B1J
330;3.8;136;B08PKBMJKS
331;4.3;301;B0B8VQ7KDS
332;4.4;19763;B086JTMRYL
333;4.3;21252;B09RWQ7YR6
334;4.3;1902;B00OFM6PEO
335;4.2;13937;B0BF57RN3K
336;4.3;27696;B0B3RRWSF6
337;3.8;17831;B0B5B6PQCT
338;4.3;178912;B08HV83HL3
339;4.0;7807;B0BBN4DZBD
340;4.3;17415;B0B3CPQ5PF
341;4.3;17415;B0B3CQBRB4
342;4.0;7807;B0BBN56J5H
343;4.0;7807;B0BBN3WF7V
344;4.4;67259;B0BDRVFDKP
345;4.1;10689;B0B5LVS732
346;4.0;128311;B09V2Q4QVQ
347;3.9;21796;B09V12K8NT
348;4.1;192590;B01DEWVZ2C
349;4.2;284;B0BMGB3CH9
350;3.9;58162;B08D77XZX5
351;4.0;12796;B09XB8GFBQ
352;4.0;14282;B07WG8PDCW
353;4.1;363713;B07GPXXNNG
354;4.4;67259;B0BDYVC5TD
355;4.2;284;B0BMGB2TPR
356;4.3;1597;B08MC57J31
357;4.3;178912;B08HVL8QN3
358;3.9;46399;B0746JGVDS
359;4.4;8891;B08VFF6JQ8
360;4.0;30254;B09NVPSCQT
361;4.2;22636;B09YV4RG4D
362;4.1;22318;B09TWHTBKQ
363;4.4;67259;B08L5HMJVW
364;4.1;18998;B0B4F2XCK3
365;4.2;13937;B0BF54972T
366;4.2;29471;B09YV4MW2T
367;4.1;22318;B09TWH8YHM
368;4.0;2135;B07WGMMQGP
369;4.2;13937;B0BF563HB4
370;4.2;2427;B07JW9H4J1
371;4.1;313836;B09GFPVD9Y
372;4.1;313836;B09GFLXVH9
373;4.2;13937;B0BF4YBLPX
374;4.0;12796;B09XB7DPW1
375;4.3;14185;B07PFJ5W31
376;4.3;17159;B0B3N7LR6K
377;4.1;5179;B09ZQK9X8G
378;4.0;43993;B098NS6PVG
379;4.1;19252;B07WJV6P1R
380;3.9;7928;B096MSW6CT
381;4.2;13937;B0BF54LXW6
382;4.0;12796;B09XB7SRQ5
383;4.4;168;B09FFK1PQG
384;4.2;13246;B09RMQYHLH
385;3.8;14648;B08ZN4B121
386;4.3;27696;B0B3RSDSZ3
387;4.2;32916;B08VB34KJ1
388;3.9;25824;B09T39K9YL
389;4.4;7462;B08VF8V79P
390;4.0;37817;B08G28Z33M
391;4.0;30254;B09PNKXSKF
392;3.8;17831;B0B5DDJNH4
393;4.2;94364;B08HDJ86NZ
394;4.2;16905;B08CF3B7N1
395;4.4;20311;B07WDKLDRX
396;4.2;69622;B09MQSCJQ1
397;4.0;3382;B094YFFSMY
398;4.3;140036;B09MT84WV5
399;4.1;8599;B08VS3YLRK
400;4.1;18998;B0B4F3QNDM
401;4.1;363713;B07GQD4K6L
402;4.1;19252;B07WDKLRM4
403;4.4;73;B0BP18W8TM
404;3.9;2487;B08Y1TFSP6
405;4.3;42641;B07GXHC691
406;4.0;439;B08FN6WGDQ
407;4.3;17415;B0B3D39RKV
408;4.0;1396;B085HY1DGR
409;3.6;18202;B08D75R3Z1
410;4.1;18998;B0B4F2TTTS
411;4.2;11029;B09WRMNJ9G
412;4.1;22318;B0B14MR9L1
413;4.1;1786;B09ZPL5VYM
414;4.0;7222;B0993BB11X
415;4.0;128311;B09V2PZDX8
416;3.5;83996;B085W8CFLH
417;4.3;140036;B09MT6XSFW
418;4.1;18678;B07RD611Z8
419;4.1;15189;B08WRWPM22
420;4.1;18998;B0B4F52B5X
421;4.1;48449;B096VF5YYF
422;3.8;17831;B0B5D39BCD
423;4.3;30411;B08DDRGWTJ
424;4.0;43994;B082LZGK39
425;4.2;1315;B09XBJ1CTN
426;4.1;18998;B0B4F5L738
427;4.1;5999;B08MTCKDYN
428;4.1;50772;B09QS8V5N8
429;4.3;13391;B08CF3D7QR
430;3.9;25824;B09T2WRLJJ
431;4.0;14404;B089WB69Y1
432;4.5;11339;B0116MIKKC
433;4.0;3626;B09P858DK8
434;4.0;32625;B07DJLFMPS
435;4.1;19252;B07WHQWXL7
436;4.1;19252;B07WDK3ZS6
437;3.9;25824;B09T2S8X9C
438;4.1;161679;B07S9S86BF
439;4.1;16685;B07N8RQ6W7
440;4.0;30907;B09FKDH6FS
441;4.3;178912;B08HVJCW95
442;4.0;128311;B09YDFDVNS
443;4.1;19252;B07WGPKTS4
444;4.2;94364;B0789LZTCJ
445;4.0;7222;B09MZCQYHZ
446;4.1;18998;B0B4F2ZWL3
447;4.2;32916;B08VB2CMR3
448;4.6;26603;B095RTJH1M
449;4.0;6795;B097R25DP7
450;4.0;128311;B09YDFKJF8
451;4.3;9499;B07WDK3ZS2
452;4.3;1777;B08RZ5K9YH
453;4.2;58506;B08444S68L
454;4.0;2135;B07WHQBZLS
455;4.2;2263;B085DTN6R2
456;4.0;9378;B09JS562TP
457;4.1;4768;B09KLVMZ3B
458;3.9;21796;B09V17S2BG
459;3.8;17833;B0B5CGTBKV
460;4.7;7779;B0B23LW7NV
461;4.3;17129;B09KGV7WSV
462;4.2;4969;B0971DWFDT
463;4.1;154;B0BNV7JM5Y
464;3.3;4415;B0B53QFZPY
465;4.4;18757;B083342NKJ
466;4.0;2135;B07WJWRNVK
467;4.2;31539;B01F25X6RQ
468;4.5;815;B09C6HXFC1
469;4.6;6129;B0B244R4KB
470;4.2;284;B0BMGG6NKT
471;4.0;43994;B082LSVT4B
472;3.7;3234;B092JHPL72
473;4.1;13045;B08WRBG3XW
474;4.1;313832;B09GFM8CGS
475;4.2;20879;B0B3MWYCHQ
476;4.2;2646;B09J2MM5C6
477;4.5;28978;B07Q4QV1DL
478;3.8;3145;B0B56YRBNT
479;4.0;9377;B09NHVCHS9
480;4.1;192589;B01DF26V7A
481;3.8;16557;B08K4PSZ3V
482;4.1;18998;B0B4F1YC3J
483;3.8;16557;B08K4RDQ71
484;4.2;21916;B085CZ3SR1
485;4.2;29472;B09YV3K34W
486;4.2;1949;B09Z6WH2N1
487;4.0;9377;B09NL4DJ2Z
488;3.5;37;B0BGSV43WY
489;4.3;2351;B0926V9CTV
490;4.1;19253;B07WGPKMP5
491;3.9;218;B0BBFJ9M3X
492;3.9;7571;B09PLFJ7ZW
493;3.3;4415;B0B53NXFFR
494;4.0;18654;B07GNC2592
495;4.0;3197;B09TP5KBN7
496;4.0;2688;B0949SBKMP
497;3.9;21796;B09V175NP7
498;4.3;9499;B07WHSJXLF
499;4.1;56098;B0BD3T6Z1D
500;4.1;31822;B09LHYZ3GJ
501;4.3;9499;B07WFPMGQQ
502;4.1;50772;B09QS9X9L8
503;4.1;7148;B0B6BLTGTT
504;4.3;2085;B077Z65HSD
505;4.4;184;B09W5XR9RT
506;4.2;3492;B084DTMYWK
507;3.3;4415;B0B53QLB9H
508;4.4;6726;B0BDYW3RN3
509;4.3;27704;B0B3RS9DNF
510;4.1;50772;B09QS9X16F
511;4.0;92588;B08HV25BBQ
512;4.1;31822;B09LJ116B5
513;4.3;240;B0BMVWKZ8G
514;3.8;758;B0BD92GDQH
515;3.9;2487;B08Y1SJVV5
516;3.7;828;B0B5GF6DQD
517;4.0;9378;B09JS94MBV
518;4.2;22638;B09YV463SW
519;4.4;13552;B07XLCFSSN
520;3.9;2147;B09NL4DCXK
521;4.5;596;B0B8CHJLWJ
522;4.2;1949;B0B8ZWNR5T
523;3.9;218;B0BBFJLP21
524;4.2;31539;B01F262EUU
525;4.1;2451;B09VZBGL1N
526;4.1;154;B0BNVBJW2S
527;4.3;1193;B0B2DJ5RVQ
528;4.1;1475;B096TWZRJC
529;4.3;8891;B09GP6FBZT
530;3.6;104;B0B3DV7S9B
531;4.1;6662;B09MKP344P
532;4.0;838;B08JW1GVS7
533;4.1;31822;B09LHZSMRR
534;4.3;3075;B0B5V47VK4
535;3.9;14266;B08H21B6V7
536;4.1;38879;B09BNXQ6BR
537;4.1;97175;B01FSYQ2A4
538;4.4;6726;B08L5FM4JC
539;3.8;119;B0B54Y2SNX
540;4.3;10833;B08BQ947H3
541;4.3;8188;B082T6V3DT
542;3.5;1641;B0B7DHSKS7
543;4.0;474;B09SJ1FTYV
544;3.9;8866;B09XJ5LD6L
545;4.3;8399;B07WHS7MZ1
546;2.8;87;B0BBVKRP7B
547;3.8;125;B09NY7W8YD
548;4.5;38;B0BMM7R92G
549;4.3;4674;B08M66K48D
550;4.1;412;B09RFB2SJQ
551;3.0;681;B0B82YGCF6
552;4.0;36384;B08HF4W2CT
553;3.9;6491;B08BCKN299
554;4.1;10229;B0B2X35B1K
555;4.1;50772;B09QS9CWLV
556;4.3;1801;B0B1NX6JTN
557;4.0;14404;B078G6ZF5Z
558;4.4;305;B0BBW521YC
559;4.3;1376;B09HSKYMB3
560;4.2;22638;B09YV42QHZ
561;3.8;2352;B09BF8JBWX
562;4.3;714;B0B5YBGCKD
563;4.3;20052;B01GGKYKQM
564;4.3;1454;B09MY4W73Q
565;4.0;7732;B08R69VDHT
566;3.9;2147;B09T37CKQ5
567;4.1;313832;B09GFPN6TP
568;3.7;465;B0B298D54H
569;4.2;2779;B08VB57558
570;4.1;602;B09CMP1SC8
571;4.0;1423;B09YLXYP7Y
572;4.6;245;B0B9BXKBC7
573;3.9;276;B09NY6TRXG
574;4.0;30254;B09NVPJ3P4
575;4.3;17161;B0B3NDPCS9
576;4.4;14;B09VGKFM7Y
577;4.1;1456;B07QCWY5XV
578;4.1;3156;B098QXR9X2
579;4.1;934;B07H1S7XW8
580;4.4;768;B0BNXFDTZ2
581;4.5;28978;B088ZFJY82
582;4.1;18998;B0B4F4QZ1H
583;4.2;4971;B09BCNQ9R2
584;4.5;1526;B0B9BD2YL4
585;4.1;363711;B071Z8M4KX
586;3.9;136954;B09N3ZNHTY
587;4.3;27709;B0B3RRWSF6
588;3.8;17833;B0B5B6PQCT
589;4.3;253105;B005FYNT3G
590;4.4;61314;B01J0XWYKQ
591;3.8;7354;B09CTRPSJR
592;3.8;180998;B08JQN8DGZ
593;3.5;690;B0B72BSW7K
594;4.4;67262;B0BDRVFDKP
595;4.1;10689;B0B5LVS732
596;4.1;141841;B08TV2P1N8
597;4.3;24791;B07XCM6T4N
598;3.5;21764;B07T5DKR5D
599;4.1;107151;B07PR1CL3S
600;3.9;21797;B09V12K8NT
601;3.9;92995;B07JQKQ91F
602;4.1;8751;B08W56G1K9
603;4.0;14283;B07WG8PDCW
604;4.2;64273;B01L8ZNWN2
605;4.3;54315;B009VCGPSY
606;4.1;1597;B0B296NTFV
607;4.0;30254;B09NVPSCQT
608;4.2;22638;B09YV4RG4D
609;3.9;77027;B07TCN5VR9
610;4.3;28829;B00ZYLMQH0
611;4.2;29478;B09YV4MW2T
612;4.5;33176;B01HJI0FS2
613;4.0;68664;B076B8G5D8
614;4.2;24269;B07JW9H4J1
615;4.5;2803;B014SZO90Y
616;4.3;5792;B07KCMR8D6
617;3.9;14778;B00N1U9AJS
618;4.1;9177;B07KY3FNQP
619;4.3;17162;B0B3N7LR6K
620;4.2;206;B07QZ3CZ48
621;4.2;33717;B09T3H12GV
622;4.0;43994;B098NS6PVG
623;3.9;7928;B096MSW6CT
624;4.1;5179;B09ZQK9X8G
625;4.5;5081;B08ZJDWTJ1
626;3.7;3369;B08FTFXNNB
627;3.5;11827;B08YDFX7Y1
628;4.2;94364;B08HDJ86NZ
629;3.5;15295;B087FXHB6J
630;4.3;27139;B07N42JB4S
631;3.9;9504;B0B31BYXQQ
632;4.2;16905;B08CF3B7N1
633;4.3;30058;B07SLMR1K6
634;4.2;69619;B09MQSCJQ1
635;4.0;3382;B094YFFSMY
636;4.1;109864;B092X94QNQ
637;4.5;576;B0846D5CBP
638;4.2;49551;B00KXULGJQ
639;4.1;161677;B08H9Z3XQW
640;3.9;21372;B08LPJZSSW
641;4.3;140035;B09MT84WV5
642;3.9;2487;B08Y1TFSP6
643;4.0;7199;B08CYPB15D
644;4.0;1396;B085HY1DGR
645;3.5;15233;B00MFPCY5C
646;4.3;55747;B07JJFSG2B
647;3.8;14961;B09NR6G588
648;4.4;9275;B07JPX9CR7
649;3.7;28324;B08D11DZ2W
650;4.4;644;B07Q7561HD
651;4.4;18139;B0819HZPXL
652;4.4;7203;B00LXTFMRS
653;4.2;491;B0B9LDCX89
654;4.5;13568;B0765B3TH7
655;3.8;339;B0B1F6GQPS
656;3.8;103052;B07LG59NPV
657;4.1;18678;B07RD611Z8
658;4.1;15189;B08WRWPM22
659;4.4;12179;B00AXHBBXU
660;3.8;12958;B08MCD9JFY
661;4.2;8258;B083RCTXLL
662;4.1;11716;B08HLZ28QC
663;4.4;35024;B07GVR9TG7
664;4.1;55192;B0856HY85J
665;4.1;119466;B07CD2BN46
666;3.5;9638;B07PLHTTB4
667;3.6;33735;B077T3BG5L
668;4.3;30411;B08DDRGWTJ
669;3.8;3044;B079Y6JZC8
670;4.0;33584;B0856HNMR7
671;3.9;1779;B0B12K5BPM
672;4.1;5999;B08MTCKDYN
673;4.3;13391;B08CF3D7QR
674;4.4;26556;B00LVMTA2A
675;4.3;25903;B07TR5HSR9
676;4.3;53464;B0819ZZK5K
677;4.1;48448;B096VF5YYF
678;4.4;5176;B08QJJCY2Q
679;4.4;8614;B07L5L4GTB
680;3.8;60026;B07L8KNP5F
681;3.8;3066;B08CF4SCNP
682;4.0;2102;B09XX51X2G
683;4.4;34852;B01M72LILF
684;4.4;426972;B07KSMBL2H
685;4.5;8618;B00LZLQ624
686;4.0;32625;B07DJLFMPS
687;4.0;4018;B09GB5B4BK
688;4.3;11687;B015ZXUDD0
689;4.2;2262;B085DTN6R2
690;3.8;11015;B09PL79D2X
691;4.3;95116;B098K3H92Z
692;4.1;4768;B09KLVMZ3B
693;4.3;23022;B084PJSSQ1
694;4.0;67951;B097R25DP7
695;4.3;4426;B097C564GC
696;4.2;4567;B08CYNJ5KY
697;4.0;13797;B00Y4ORQ46
698;4.4;15137;B074CWD7MS
699;4.4;18757;B083342NKJ
700;4.5;815;B09C6HXFC1
701;4.2;156638;B00A0VCJPI
702;4.1;9344;B00UGZWM2I
703;4.5;4875;B00R1P3B4O
704;4.2;20881;B0B3MWYCHQ
705;4.3;4744;B09DG9VNWB
706;3.9;12452;B09Y5MP7C4
707;4.5;1781;B01DJJVFPC
708;4.1;53648;B07DFYJRQV
709;4.2;2014;B08L879JSN
710;3.8;5958;B08TDJNM3G
711;4.3;38221;B06XSK3XL6
712;3.9;64705;B07YNTJ8ZM
713;4.3;17129;B09KGV7WSV
714;4.3;11976;B08DPLCM6T
715;3.9;17348;B07KR5P3YD
716;3.7;87798;B08FB2LNSZ
717;4.2;24432;B01IBRHE3E
718;4.3;189104;B01N6LU1VF
719;4.2;93112;B07XLML2YS
720;3.9;47521;B086WMSCN3
721;4.3;27201;B003B00484
722;3.7;10962;B085194JFL
723;4.3;16299;B09F6S8BT6
724;4.3;31534;B003L62T7W
725;3.9;7571;B09P18XVW6
726;4.4;6537;B00LZLPYHW
727;4.0;9377;B09NHVCHS9
728;4.5;2101;B00NNQMYNE
729;3.9;3517;B0B217Z5VK
730;4.3;63899;B07B88KQZ8
731;4.2;12153;B01M4GGIVU
732;4.1;573;B07Z3K96FR
733;4.2;25488;B0756CLQWL
734;4.5;54405;B004IO5BMQ
735;4.2;1949;B09Z6WH2N1
736;4.2;122478;B01HGCLUH6
737;4.3;7241;B01N4EV2TL
738;4.0;20457;B08MZQBFLN
739;4.5;861;B0752LL57V
740;3.8;16557;B08K4PSZ3V
741;3.9;1087;B09Z28BQZT
742;4.0;154;B094DQWV9B
743;4.1;401;B0BBMPH39N
744;3.4;9385;B097JQ1J5G
745;4.0;92588;B07YY1BY5B
746;3.4;3454;B08VRMK55F
747;4.3;1579;B08CHZ3ZQ7
748;3.9;14969;B08SCCG9D4
749;4.1;42139;B0972BQ2RS
750;4.3;989;B00ZRBWPA0
751;4.5;19624;B0B2DD66GS
752;4.2;3201;B09M869Z5V
753;4.1;30469;B07W6VWZ8C
754;4.4;994;B07Z1X6VFC
755;4.3;7758;B07YL54NVJ
756;4.3;68409;B0759QMF85
757;4.3;3095;B00LM4X0KU
758;4.2;903;B08PFSZ7FH
759;4.1;25771;B012MQS060
760;4.1;273189;B01MF8MB65
761;4.5;3785;B00LHZWD0C
762;4.4;2866;B08QDPB1SL
763;4.3;27223;B07BRKK9JQ
764;4.3;82356;B01EZ0X3L8
765;4.3;5719;B00LM4W1N2
766;4.0;2688;B0949SBKMP
767;4.3;169;B08YD264ZS
768;4.0;2766;B094JNXNPV
769;4.4;8372;B00GZLB57U
770;4.0;7113;B07V82W5CN
771;4.3;2085;B077Z65HSD
772;3.3;2804;B08HD7JQHX
773;3.7;1986;B0B31FR4Y2
774;4.1;2451;B09Y14JLP3
775;5.0;23;B09ZHCJDP1
776;4.5;26194;B08C4Z69LN
777;3.9;15783;B016XVRKZM
778;4.4;8053;B00LHZW3XY
779;4.1;2809;B098JYT4SY
780;3.6;2591;B08CFCK6CW
781;3.8;1173;B09P564ZTJ
782;3.6;6422;B07MSLTW8Z
783;4.2;241;B09N6TTHT6
784;4.4;184;B09W5XR9RT
785;3.8;14629;B098R25TGC
786;4.2;1528;B0B2PQL5N3
787;4.3;15032;B07DKZCZ89
788;4.4;69585;B08GYG6T12
789;4.1;14371;B09BN2NPBD
790;4.4;3182;B00J4YG0PC
791;4.4;25886;B073BRXPZX
792;4.4;4736;B08LHTJTBB
793;4.4;73005;B07VTFN6HM
794;4.3;20398;B008QS9J6Y
795;4.3;2125;B09M8888DM
796;4.3;1133;B07Z1YVP72
797;4.2;27441;B082FTPRSK
798;4.3;255;B09RF2QXGX
799;4.2;23174;B01KK0HU3Y
800;3.8;20218;B07JF9B592
801;4.3;11074;B086394NY5
802;4.5;74976;B00NH11PEY
803;4.1;25607;B017PDR9N0
804;4.2;41226;B07NC12T2R
805;4.0;2581;B07WKBD37W
806;4.1;18331;B08JMC1988
807;4.1;1779;B09GFN8WZL
808;4.3;388;B095X38CJS
809;4.5;8656;B07ZKD8T1Q
810;4.5;92925;B07G3YNLJB
811;4.1;1269;B00P93X2H6
812;4.3;17394;B0798PJPCL
813;3.6;9169;B09GFWJDY1
814;4.4;103;B09MZ6WZ6V
815;4.5;50273;B094QZLJQ6
816;3.9;6742;B07L3NDN24
817;4.0;1208;B08WD18LJZ
818;4.0;1933;B09CMM3VGK
819;4.4;25006;B06XDKWLJH
820;4.6;33434;B01J1CFO5I
821;4.4;6301;B07J2NGB69
822;4.4;22618;B00MUTWLW4
823;4.3;974;B08QSC1XY8
824;4.3;20342;B017NC2IPM
825;4.4;7429;B00N1U7JXM
826;4.0;26423;B08HQL67D6
827;4.2;31305;B09RKFBCV7
828;3.8;11213;B08KHM9VBJ
829;4.1;10174;B01IOZUHRS
830;4.2;17413;B00CEQEGPI
831;4.2;6676;B08B6XWQ1C
832;4.4;8076;B01DGVKBC6
833;4.3;355;B008FWZGSG
834;4.1;18656;B08JD36C6H
835;4.4;31599;B00E3DVQFS
836;3.9;1075;B0B4HJNPV4
837;3.9;13971;B00BN5SNF0
838;3.6;2492;B09SGGRKV8
839;4.4;13552;B07XLCFSSN
840;4.0;575;B09RZS1NQT
841;3.5;2523;B084BR3QX8
842;4.1;352;B09VC2D2WG
843;4.1;1662;B09163Q5CD
844;4.0;7352;B08K9PX15C
845;4.1;3441;B083RD1J99
846;4.0;93;B09Z7YGV3R
847;3.8;40895;B00N3XLDW0
848;4.3;11006;B07Z53L5QL
849;4.2;8938;B00P93X0VO
850;4.1;4308;B07SBGFDX9
851;4.2;462;B09C6HWG18
852;4.5;107686;B00NH11KIK
853;4.6;10652;B07X2L5Z8C
854;4.3;5036;B00VA7YYUO
855;4.0;5057;B07L9FW9GF
856;4.2;8537;B08D64C9FN
857;3.3;9792;B07XJYYH7L
858;4.3;245;B00LOD70SC
859;3.7;676;B09X76VL5L
860;3.9;1173;B091JF2TFD
861;4.3;9998;B07S7DCJKS
862;4.1;5852;B09NC2TY11
863;4.2;362;B0BDS8MY8J
864;4.5;205052;B09X7DY7Q4
865;4.0;909;B09YV575RK
866;4.5;4099;B08LW31NQ6
867;3.5;12966;B09ND94ZRG
868;4.5;4428;B00P93X6EK
869;4.3;12093;B07KRCW6LZ
870;3.3;5692;B0994GP1CX
871;4.1;21;B07H8W9PB6
872;3.8;188;B09NNHFSSF
873;3.5;21762;B08D9NDZ1Y
874;4.1;22375;B0085IATT6
875;4.5;2453;B08WJ86PV2
876;4.4;13544;B078HRR1XV
877;4.1;10976;B09P22HXH6
878;4.3;3061;B00LM4X3XE
879;3.6;2272;B09YLFHFDW
880;4.0;7601;B07YWS9SP9
881;4.1;8131;B002PD61Y4
882;4.5;4219;B08WLY8V9S
883;4.2;42775;B0873L7J6X
884;4.3;5556;B07YNHCW6N
885;4.2;92595;B07232M876
886;4.6;12375;B01MQ2A86A
887;4.5;5882;B00KIE28X0
888;4.3;10833;B08BQ947H3
889;4.1;10443;B0BHYJ8CVF
890;4.5;434;B0BCVJ3PVP
891;3.5;1913;B0B2931FCV
892;4.4;3029;B09TMZ1MF8
893;4.2;2628;B07VV37FT4
894;4.4;2478;B07P681N66
895;4.4;10718;B07JB2Y4SR
897;4.5;10541;B08LT9BMPP
898;4.3;8188;B082T6V3DT
899;3.8;10751;B0814ZY6FP
900;3.9;817;B09F3PDDRF
901;4.0;36384;B07X963JNS
902;4.1;3606;B09LD3116F
903;4.4;357;B08Y5QJTVK
904;4.4;1017;B00LY1FN1K
905;4.4;4598;B07DJ5KYDZ
906;3.5;7222;B009LJ2BXA
907;4.5;1271;B09BVCVTBC
908;4.1;314;B0BFWGBX61
909;4.4;3219;B07SY4C3TD
910;4.1;38879;B094JB13XL
911;4.2;4541;B08CRRQK6Z
912;4.2;76042;B08MTLLSL8
913;4.3;485;B08Y57TPDM
914;4.3;44696;B09CYTJV3N
915;3.7;8566;B07GLNJC25
916;3.9;13049;B08FY4FG5X
917;4.5;1668;B07TMCXRFV
918;4.1;97174;B01FSYQ2A4
919;4.0;3686;B00LZPQVMK
920;3.8;594;B08X77LM8C
921;3.4;12185;B01EJ5MM5M
922;4.3;2623;B08J82K4GX
923;4.3;9701;B07Z1Z77ZZ
924;4.3;15867;B00DJ5N9VK
925;4.2;656;B0B4DT8MKT
926;4.1;10725;B08FGNPQ9X
927;4.0;3025;B07NTKGW45
928;4.3;7064;B08CDKQ8T6
929;4.0;5736;B08J4PL1Z3
930;4.1;72563;B07XJWTYM2
931;4.0;1026;B09939XJX8
932;3.8;2043;B09MDCZJXS
933;4.2;4149;B08CTQP51L
934;4.3;74;B0BG62HMDJ
935;4.4;41398;B08GTYFC37
936;4.1;5195;B08SBH499M
937;4.5;2242;B08FYB5HHK
938;4.0;1313;B0994GFWBH
939;4.2;2284;B0B5GJRTHB
940;3.9;427;B09GBBJV72
941;4.3;1367;B07P434WJY
942;4.0;13199;B07T9FV9YP
943;4.2;29746;B01GGKZ0V6
944;4.3;2806;B08WKFSN84
945;4.2;30355;B09TBCVJS3
946;4.2;2868;B08TR61BVK
947;4.1;670;B0B2CPVXHX
948;4.3;353;B08XNL93PL
949;4.3;6183;B088GXTJM3
950;4.2;419;B099S26HWG
951;4.5;7317;B08461VC1Z
952;4.4;4426;B00K32PEW4
953;4.2;45237;B09F9YQQ7B
954;4.1;1092;B07LFWP97N
955;4.3;2493;B0746N6WML
956;4.4;12679;B07W9KYT62
957;4.1;210;B0B5ZF3NRK
958;3.6;4199;B08D9MNH4B
959;4.0;14403;B078G6ZF5Z
960;4.0;11113;B09MKG4ZCM
961;4.4;10773;B07RZZ1QSW
962;3.9;6491;B08BCKN299
963;4.3;13944;B07222HQKP
964;4.6;1076;B00NFD0ETQ
965;4.4;25996;B075DB1F13
966;4.5;16146;B0148NPH9I
967;3.9;828;B01JOFKL0A
968;4.1;450;B09Q8HMKZX
969;4.3;14237;B079S811J3
970;4.5;20668;B0083T231O
971;4.5;1674;B086PXQ2R4
972;3.6;7689;B07L1N3TJX
973;4.1;5554;B07YFWVRCM
974;4.3;20053;B01GGKYKQM
975;3.8;3344;B08TDJ5BVF
976;4.6;2886;B09XXZXQC1
977;4.1;9825;B083T5G5PM
978;4.0;75;B0BHVPTM2C
979;4.5;149;B0B86CDHL1
980;4.3;2585;B01NBX5RSB
981;4.0;5072;B08MWJTST6
982;4.5;5985;B07R99NBVB
983;4.0;7732;B08R69VDHT
984;4.5;9427;B00LY12TH6
985;4.1;178;B09RWZRCP1
986;4.3;2301;B08497Z1MQ
987;4.1;2535;B07KNM95JK
988;4.0;691;B09Q3M3WLJ
989;4.1;274;B09B9SPC7F
990;4.1;602;B09CMP1SC8
991;4.4;3482;B099SD8PRP
992;4.0;1423;B09YLXYP7Y
993;4.1;6199;B00S2SEV7K
994;4.4;1667;B08WKCTFF3
995;4.3;4723;B08498D67S
996;4.2;2286;B00C3GBCIS
997;3.6;13572;B00URH5E34
998;4.2;16182;B00EYW1U68
999;4.2;2908;B08SMJT55F
1000;3.9;536;B0B2DJDCPX
1001;4.2;2375;B08Y7MXFMK
1002;4.5;4951;B086Q3QMFS
1003;4.3;408;B08498H13H
1004;4.2;1926;B07LFQLKFZ
1005;4.1;4798;B00LY17RHI
1006;4.1;7333;B07W14CHV8
1007;4.6;245;B0B9BXKBC7
1008;3.8;3652;B09F5Z694W
1009;4.3;2515;B0B25LQQPC
1010;4.2;10576;B07GVGTSLN
1011;4.2;4959;B01LYLJ99X
1012;4.4;2111;B014SZPBM4
1013;3.9;1462;B08CZHGHKH
1014;4.0;323;B0B2RBP83P
1015;4.2;91188;B078W65FJ7
1016;3.7;418;B08S74GTBT
1017;4.5;1526;B0B9BD2YL4
1018;4.5;127;B0BMXMLSMM
1019;3.6;10134;B0141EZMAI
1020;4.3;1552;B07QMRHWJD
1021;4.1;25262;B07W7Z6DVL
1022;3.9;123365;B07WMS7TWB
1023;3.6;133;B00H47GVGY
1024;4.0;18543;B07VX71FZP
1025;4.1;3578;B07NCKMXVZ
1026;3.7;2031;B0B61DSF17
1027;3.9;44994;B07VQGVL68
1028;4.1;270563;B01LWYDEQ7
1029;3.9;31783;B07VNFP3C2
1030;3.9;2602;B00LUGTJGO
1031;3.9;6335;B01MQZ7J8K
1032;3.8;54032;B01GFTEV5Y
1033;3.8;15592;B00NW4UWN6
1034;4.1;4859;B01NCVJMKX
1035;4.1;1412;B00O24PUO6
1036;3.3;8427;B07GXPDLYQ
1037;4.2;23316;B01C8P29N0
1038;4.0;653;B08KDBLMQP
1039;4.3;11924;B078JDNZJ8
1040;4.0;2961;B01M5F614J
1041;4.5;23484;B083GKDRKR
1042;4.1;21783;B097R2V1W8
1043;4.0;1403;B07YR26BJ3
1044;4.2;6398;B097R45BH8
1045;3.8;4405;B09X5C9VLK
1046;4.2;24247;B01C8P29T4
1047;4.2;41349;B00HVXS7WC
1048;3.6;1074;B096YCN3SD
1049;3.8;1163;B09LQH3SD9
1050;4.1;257;B09KNMLH4Y
1051;4.1;36017;B00ABMASXG
1052;4.1;809;B07QDSN9V6
1053;4.1;31388;B00YMJ0OI8
1054;4.2;136;B0B8XNPQPN
1055;4.0;538;B0814P4L98
1056;4.3;37974;B008QTK47Q
1057;4.2;17218;B088ZTJT2R
1058;4.2;900;B0BK1K598K
1059;3.7;976;B09Y5FZK9N
1060;4.1;4927;B09J2SCVQT
1061;4.4;3543;B00TDD0YM4
1062;3.8;2732;B078KRFWQB
1063;4.0;14368;B07SRM58TP
1064;4.2;39724;B00EDJJ7FS
1065;3.8;9791;B0832W3B7Q
1066;4.2;2891;B07WNK1FFN
1067;4.0;2446;B009P2LK08
1068;3.9;2534;B07DGD4Z4C
1069;4.3;3096;B07GMFY9QM
1070;3.8;4;B0BGPN4GGH
1071;4.0;119;B0B2DZ5S6R
1072;4.2;40106;B07S851WX5
1073;4.2;13029;B01MY839VW
1074;3.6;291;B09LV1CMGH
1075;4.3;15453;B01EY310UM
1076;4.0;604;B09NL7LBWT
1077;4.2;46647;B008YW8M0G
1078;4.1;3233;B097R3XH9R
1079;4.0;1282;B08TM71L54
1080;4.3;70;B0BPBXNQQT
1081;4.0;26164;B00W56GLOQ
1082;3.9;16166;B0883KDSXC
1083;4.2;35693;B078V8R9BS
1084;4.1;14391;B08GSQXLJ2
1085;4.4;7946;B01M5B0TPW
1086;4.0;1765;B082KVTRW8
1087;3.8;14062;B08CFJBZRK
1088;4.0;15646;B07H3WDC4X
1089;3.1;111;B09ZTZ9N3Q
1090;4.3;9695;B083P71WKK
1091;4.2;1772;B097R4D42G
1092;4.4;11499;B07MKMFKPG
1093;4.1;2162;B0949FPSFY
1094;4.2;19621;B08F47T4X5
1095;4.1;19998;B01M0505SJ
1096;4.1;1051;B08D6RCM3Q
1097;4.1;1716;B009P2LITG
1098;3.9;32931;B00V9NHDI4
1099;3.9;17424;B07WGPBXY9
1100;3.8;1889;B00KRCBA6E
1101;4.0;10324;B0B3X2BY3M
1102;4.2;5355;B00F159RIK
1103;4.1;3366;B08MV82R99
1104;4.3;1017;B09VKWGZD7
1105;3.7;787;B009P2LK80
1106;4.2;18462;B00A7PLVU6
1107;4.3;629;B0B25DJ352
1108;4.3;15276;B013B2WGT6
1109;4.4;2981;B097RJ867P
1110;3.8;2466;B091V8HK8Z
1111;4.5;7949;B071VNHMX2
1112;3.8;95;B08MVSGXMY
1113;3.8;1558;B00H0B29DI
1114;4.1;26543;B01GZSQJPA
1115;4.1;3688;B08VGFX2B6
1116;3.8;4383;B09GYBZPHF
1117;3.3;478;B0B4KPCBSH
1118;4.0;237;B09CGLY5CX
1119;4.6;124;B09JN37WBX
1120;3.9;14667;B01I1LDZGA
1121;3.7;6;B0BN2576GQ
1122;4.2;4244;B06XPYRWV5
1123;4.1;1017;B01N1XVVLC
1124;4.1;12999;B00O2R38C4
1125;3.8;311;B0B2CZTCL2
1126;4.1;4238;B00PVT30YI
1127;4.6;2781;B00SH18114
1128;4.1;10907;B00E9G8KOY
1129;4.2;1325;B00H3H03Q4
1130;3.9;4307;B0756K5DYZ
1131;4.1;11828;B0188KPKB2
1132;4.1;124;B091KNVNS9
1133;4.0;20869;B075JJ5NQC
1134;3.7;441;B0B5KZ3C53
1135;4.1;1034;B09NTHQRW3
1136;4.1;37126;B008YW3CYM
1137;4.1;6355;B07QHHCB27
1138;3.3;12;B0BMFD94VD
1139;4.1;13165;B00HZIOGXW
1140;4.1;1646;B09CKSYBLR
1141;4.4;17994;B072J83V9W
1142;4.3;610;B09MTLG4TP
1143;4.1;8866;B097XJQZ8H
1144;3.7;13406;B00935MD1C
1145;4.8;53803;B0BR4F878Q
1146;4.5;546;B0B3G5XZN5
1147;4.0;5292;B07WKB69RS
1148;4.1;444;B09DL9978Y
1149;3.9;4584;B06XMZV7RH
1150;4.1;14947;B09WMTJPG7
1151;4.2;1559;B09ZK6THRR
1152;4.1;166;B07MP21WJD
1153;3.5;132;B09XB1R2F3
1154;4.3;28629;B08Y5QJXSR
1155;3.9;8446;B07WJXCTG9
1156;4.2;11199;B09NBZ36F7
1157;3.8;1118;B0912WJ87V
1158;4.5;11;B0BMTZ4T1D
1159;3.8;4353;B07Z51CGGH
1160;4.1;185;B0BDG6QDYD
1161;4.2;1429;B00YQLG7GK
1162;4.1;3036;B00SMJPA9C
1163;4.2;1296;B0B9RN5X8B
1164;4.5;19;B08QW937WV
1165;4.0;97;B0B4PPD89B
1166;4.4;1771;B08GM5S4CQ
1167;4.0;15034;B00NM6MO26
1168;4.0;3242;B083M7WPZD
1169;3.9;2832;B07GLSKXS1
1170;4.0;1498;B09F6KL23R
1171;3.8;305;B094G9L9LT
1172;4.2;1191;B09FZ89DK6
1173;4.3;4049;B0811VCGL5
1174;4.2;316;B07FXLC2G2
1175;4.3;965;B01LYU3BZF
1176;4.2;3846;B083RC4WFJ
1177;4.4;290;B09SFRNKSR
1178;3.8;2206;B07NRTCDS5
1179;4.1;9349;B07SPVMSC6
1180;3.9;578;B09H3BXWTK
1181;4.3;9331;B0073QGKAS
1182;4.4;3837;B08GJ57MKL
1183;3.6;11456;B009DA69W6
1184;3.8;49;B099PR2GQJ
1185;4.0;4978;B08G8H8DPL
1186;4.1;1996;B08VGM3YMF
1187;4.3;1811;B08TTRVWKY
1188;4.0;2198;B07T4D9FNY
1189;3.9;13127;B07RX42D3D
1190;4.4;5865;B08WRKSF9D
1191;3.7;1067;B09R83SFYV
1192;3.6;4881;B07989VV5K
1193;3.7;11217;B07FL3WRX5
1194;4.0;43;B0BPCJM7TB
1195;4.2;4664;B08H673XKN
1196;3.8;2112;B07DXRGWDJ
1197;4.2;2737;B08243SKCK
1198;3.9;9019;B09SPTNG58
1199;4.0;10234;B083J64CBB
1200;4.1;550;B08JV91JTK
1201;4.8;28;B0BQ3K23Y1
1202;4.2;1353;B09MT94QLL
1203;4.1;2138;B07NKNBTT3
1204;4.0;1679;B09KPXTZXN
1205;3.9;12837;B078HG2ZPS
1206;4.1;8873;B07N2MGB3G
1207;4.3;7681;B008LN8KDM
1208;4.1;322;B08MZNT7GP
1209;4.2;9772;B009P2L7CO
1210;3.9;18497;B07YC8JHMB
1211;3.7;53;B0BNQMF152
1212;4.1;1728;B08J7VCT12
1213;4.0;2877;B0989W6J2F
1214;3.8;250;B0B84KSH3X
1215;4.2;5178;B08HLC7Z3G
1216;4.6;79;B0BN6M3TCM
1217;4.1;4157;B01L6MT7E0
1218;3.3;29;B0B9F9PT8R
1219;4.2;458;B0883LQJ6B
1220;4.3;1404;B099Z83VRC
1221;4.3;281;B00S9BSJC8
1222;4.3;7;B0B4SJKRDF
1223;4.7;1729;B0BM4KTNL1
1224;4.4;2116;B08S6RKT4L
1225;3.9;463;B09SZ5TWHW
1226;4.7;54;B0BLC2BYPX
1227;4.1;7229;B00P0R95EA
1228;3.8;3842;B07W4HTS8Q
1229;4.4;646;B078JBK4GX
1230;4.3;1802;B08S7V8YTN
1231;3.4;252;B07H5PBN54
1232;4.2;780;B07YCBSCYB
1233;3.7;74;B098T9CJVQ
1234;4.3;2026;B01KCSGBU2
1235;4.3;5911;B095XCRDQW
1236;4.4;1964;B09CTWFV5W
1237;4.1;25;B0B7NWGXS6
1238;4.0;316;B07DZ986Q2
1239;4.4;1558;B07KKJPTWB
1240;3.8;8958;B071R3LHFM
1241;4.3;13251;B086X18Q71
1242;3.8;1393;B07WVQG8WZ
1243;2.3;13;B0BFBNXS94
1244;4.5;7241;B071113J7M
1245;4.0;1602;B09YLWT89W
1246;3.7;147;B0814LP6S9
1247;4.0;3663;B07BKSSDR2
1248;4.4;638;B09VGS66FV
1249;4.1;3552;B07RCGTZ4M
1250;4.4;11148;B0747VDH9L
1251;3.1;2449;B08XLR6DSB
1252;4.3;2299;B08H6CZSHT
1253;4.4;6027;B07CVR2L5K
1254;4.4;461;B09J4YQYX3
1255;4.1;282;B0B2DD8BQ8
1256;4.1;9275;B0123P3PWE
1257;4.0;743;B08HDCWDXD
1258;3.6;328;B0836JGZ74
1259;3.9;942;B0BCKJJN8R
1260;3.9;3815;B008P7IF02
1261;3.8;7988;B08CNLYKW5
1262;4.1;925;B08C7TYHPB
1263;4.1;437;B08VJFYH6N
1264;4.1;7619;B08235JZFB
1265;3.8;2593;B078XFKBZL
1266;4.3;356;B01M265AAK
1267;4.5;63;B0B694PXQJ
1268;4.2;474;B00B3VFJY2
1269;3.9;296;B08W9BK4MD
1270;3.5;185;B09X5HD5T1
1271;4.3;1954;B08H6B3G96
1272;3.9;959;B09N3BFP4M
1273;3.9;1015;B09DSQXCM8
1274;4.0;3973;B01M69WCZ6
1275;4.7;23;B0BM9H2NY9
1276;4.1;203;B099FDW2ZF
1277;3.8;441;B0B935YNR7
1278;4.1;10308;B07JGCGNDG
1280;4.1;4716;B07GWTWFS2
1281;3.9;313;B09KRHXTLN
1282;3.8;166;B09H34V36W
1283;4.1;303;B09J2QCKKM
1284;4.3;562;B09XRBJ94N
1285;3.9;8095;B07SLNG3LW
1286;2.8;109;B0BNDGL26T
1287;4.0;15382;B095PWLLY6
1288;4.5;5137;B07Y9PY6Y1
1289;4.6;124;B0BJ966M5K
1290;4.1;618;B086GVRP63
1291;4.1;63;B08MVXPTDG
1292;3.4;15;B0BMZ6SY89
1293;4.6;9;B09P1MFKG1
1294;4.2;7274;B01LY9W8AF
1295;3.9;5911;B07ZJND9B9
1296;4.2;170;B0B2CWRDB1
1297;4.2;3065;B072NCN9M4
1298;4.1;1021;B08SKZ2RMG
1299;4.8;3964;B0B53DS4TF
1300;4.4;8948;B08BJN4MP3
1301;4.3;97;B0BCYQY9X5
1302;4.3;7223;B009UORDX4
1303;4.0;330;B08VGDBF3B
1304;4.3;457;B012ELCYUG
1305;4.0;4867;B07S9M8YTY
1306;4.4;5298;B0B19VJXQZ
1307;4.1;7786;B00SMFPJG0
1308;3.6;37;B0BHYLCL19
1309;2.0;2;B0BPJBTB3F
1310;4.0;5206;B08MXJYB2V
1311;3.7;638;B081B1JL35
1312;3.8;397;B09VL9KFDB
1313;3.9;326;B0B1MDZV9C
1314;3.1;3527;B08TT63N58
1315;3.0;617;B08YK7BBD2
1316;4.0;314;B07YQ5SN4H
1317;4.4;535;B0B7FJNSZR
1318;4.1;17325;B01N6IJG0F
1319;3.6;91;B0B84QN4CN
1320;4.4;227;B0B8ZM9RVV
1321;4.2;11957;B01892MIPA
1322;4.3;714;B08ZHYNTM1
1323;3.8;687;B09SDDQQKP
1324;4.1;1045;B0B5RP43VN
1325;4.0;11206;B096NTB9XT
1326;4.2;561;B078JF6X9B
1327;3.6;1988;B08CGW4GYR
1328;4.2;374;B00A328ENA
1329;4.1;4401;B0763K5HLQ
1330;4.2;611;B09PDZNSBG
1331;3.9;2162;B085LPT5F4
1332;4.0;97;B0B9RZ4G4W
1333;4.2;6055;B0085W2MUQ
1334;4.2;386;B09474JWN6
1335;4.1;557;B09G2VTHQM
1336;4.4;2288;B07R679HTT
1337;4.1;1106;B00B7GKXMG
1338;4.2;11935;B07H3N8RJH
1339;4.1;5059;B07K2HVKLL
1340;3.9;157;B09MQ9PDHR
1341;3.9;3584;B014HDJ7ZE
1342;4.2;1899;B07D2NMTTV
1343;4.2;15252;B075K76YW1
1344;3.7;4;B0BNLFQDG2
1345;3.7;1662;B082ZQ4479
1346;3.4;422;B09Y358DZQ
1347;4.2;79;B09M3F4HGB
1348;4.0;516;B07VZH6ZBB
1349;4.1;2311;B07F366Z51
1350;3.9;588;B077BTLQ67
1351;4.0;3271;B07YSJ7FF1
1352;3.9;11004;B07TXCY3YK
1353;4.2;3195;B07TC9F7PN
1354;4.3;3231;B09NS5TKPN
1355;4.0;3246;B00LP9RFSU
1356;2.6;24;B0B7L86YCB
1357;3.8;144;B09VPH38JS
1358;4.5;228;B01MUAUOCX
1359;3.5;340;B09MB3DKG1
1360;3.9;144;B08QHLXWV3
1361;4.0;727;B07G147SZD
1362;4.0;832;B09LH32678
1363;3.5;57;B09R1YFL6S
1364;4.0;1644;B07Q4NJQC5
1365;3.4;1066;B097RN7BBK
1366;4.2;7968;B097MKZHNV
1367;3.8;3195;B07LG96SDB
1368;4.1;1456;B08KS2KQTK
1369;4.2;590;B095K14P86
1370;4.3;1436;B08K36NZSV
1371;4.2;4184;B07LDPLSZC
1372;4.1;693;B07F1T31ZZ
1373;3.9;1306;B0BNDRK886
1374;3.3;8;B09ZVJXN5L
1375;4.3;2326;B08JKPVDKL
1376;3.9;1004;B09JFR8H3Q
1377;4.3;64;B07LDN9Q2P
1378;3.6;63;B08T8KWNQ9
1379;3.8;1181;B07Y1RCCW5
1380;3.9;1888;B0762HXMTF
1381;4.6;655;B00K57MR22
1382;3.8;1846;B07TTSS5MP
1383;3.9;1085;B09ZDVL7L8
1384;4.1;290;B09XHXXCFH
1385;3.6;4;B0BL3R4RGS
1386;4.4;9734;B07P1BR7L8
1387;4.3;4022;B078WB1VWJ
1388;4.7;2591;B0BP89YBC1
1389;4.3;532;B09W9V2PXG
1390;3.9;260;B09XTQFFCG
1391;3.9;1672;B08LVVTGZK
1392;3.7;7945;B07J2BQZD6
1393;3.5;1367;B07HK53XM4
1394;4.0;1313;B08RDWBYCQ
1395;4.1;212;B09FHHTL8L
1396;3.9;65;B0BHNHMR3H
1397;4.4;2737;B07D8VBYB4
1398;4.3;55;B0B3TBY2YX
1399;4.5;1065;B088WCFPQF
1400;4.0;2377;B07JZSG42Y
1401;3.9;2569;B08YRMBK9R
1402;4.2;5967;B00935MGHS
1403;4.1;1776;B07B5XJ572
1404;3.7;42;B086199CWG
1405;4.1;297;B0BBWJFK5C
1406;4.2;3858;B07GLS2563
1407;4.3;168;B09P182Z2H
1408;3.6;101;B0B59K1C8F
1409;4.1;4074;B06Y36JKC3
1410;4.5;1408;B075S9FVRY
1411;4.2;3739;B08SJVD8QD
1412;4.3;5891;B07FJNNZCJ
1413;4.0;777;B09MFR93KS
1414;4.2;1416;B07Y5FDPKV
1415;4.2;6919;B0756KCV5K
1416;4.5;287;B0BJ6P3LSK
1417;3.8;287;B09HS1NDRQ
1418;4.4;388;B018SJJ0GE
1419;4.1;827;B09FPP3R1D
1420;4.2;4971;B01F7B2JCI
1421;4.3;229;B09NNZ1GF7
1422;4.1;3524;B01CS4A5V4
1423;4.2;156;B0BL11S5QK
1424;4.1;490;B09BL2KHQW
1425;3.9;82;B081RLM75M
1426;3.9;710;B07SYYVP69
1427;3.8;133;B0BDZWMGZ1
1428;4.6;2751;B078JT7LTD
1429;3.6;771;B09WF4Q7B3
1430;4.1;2536;B092R48XXB
1431;4.2;7801;B00KIDSU8S
1432;4.3;534;B0977CGNJJ
1433;3.9;898;B08WWKM5HQ
1434;3.9;1202;B015GX9Y0W
1435;4.0;1108;B089BDBDGM
1436;4.4;17;B0BPBG712X
1437;4.2;10429;B00JBNZPFM
1438;4.5;3192;B08N6P8G5K
1439;4.1;5873;B07NPBG1B4
1440;4.1;1379;B01MRARGBW
1441;4.2;1527;B07VZYMQNZ
1442;4.2;2686;B01L7C4IU2
1443;4.0;178;B09H7JDJCW
1444;4.3;2664;B07F6GXNPB
1445;3.6;212;B0B97D658R
1446;3.5;24;B09NFSHCWN
1447;4.3;1868;B076VQS87V
1448;3.6;451;B09LMMFW3S
1449;2.9;159;B0BBLHTRM9
1450;4.2;39;B0BJYSCWFQ
1451;4.4;6531;B0187F2IOK
1452;4.1;222;B0B8CB7MHW
1453;3.8;195;B07K19NYZ8
1454;3.5;2283;B08ZXZ362Z
1455;4.1;1127;B00GHL8VP2
1456;3.2;113;B0B9JZW1SQ
1457;4.4;2518;B00TI8E7BI
1458;3.6;550;B07J9KXQCC
1459;3.1;2;B0B3JSWG81
1460;4.0;109;B08L7J3T31
1461;4.1;4118;B01M6453MB
1462;3.6;468;B009P2LIL4
1463;4.0;8031;B00J5DYCCA
1464;4.3;6987;B01486F4G6
